Built,n,prop
3.4.1,10,0.10416666666666667
3.4.2,1,0.010416666666666666
3.4.3,85,0.8854166666666666
